INSERT IGNORE INTO language (lang_id, name, title, status) VALUES
(1, 'ru', 'Русский', 0),
(2, 'en', 'English', 0),
(3, 'ar', 'اللغة العربية', 1),
(4, 'es', 'Español', 1),
(5, 'zh', '中文', 1),
(6, 'fr', 'Français', 1),
(7, 'de', 'Deutsch', 1),
(8, 'ja', '日本語', 1),
(9, 'it', 'Italiano', 0),
(10, 'pt', 'Português', 1),
(11, 'uk', 'Українська', 1);

INSERT IGNORE INTO config (config_id, class, title) VALUES
(1, 'cult\Common', '{"ru": "Общая конфигурация", "en": "Common configuration", "it": "Configurazione comune"}'),
(2, 'cult\project\config\System', '{"ru": "Система", "en": "System", "it": "Sistema"}'),
(3, 'cult\component\config\Install', '{"ru": "Инсталлятор", "en": "Installer", "it": "Installer"}'),
(4, 'cult\component\config\System', '{"ru": "Параметры системы", "en": "System Preferences", "it": "Preferenze di Sistema"}'),
(5, 'cult\component\config\Fail', '{"ru": "Заглушка", "en": "Forbidden", "it": "Proibito"}'),
(6, 'cult\component\config\Error', '{"ru": "Журнал ошибок", "en": "Error log", "it": "Registro errori"}'),
(7, 'cult\component\config\Cache', '{"ru": "Управление кешированием", "en": "Cache management", "it": "Gestione della cache"}'),
(8, 'cult\project\config\Schema', '{"ru": "Схема", "en": "Schema", "it": "Schema"}'),
(9, 'cult\component\config\Project', '{"ru": "Управление проектами", "en": "Project management", "it": "Gestione di progetto"}'),
(10, 'cult\component\config\Schema', '{"ru": "Схема сайта", "en": "Site schema", "it": "Schema del sito"}'),
(11, 'cult\component\config\Navigator', '{"ru": "Навигатор", "en": "Navigation", "it": "Navigazione"}'),
(12, 'cult\component\config\Component', '{"ru": "Компоненты", "en": "Components", "it": "Componenti"}'),
(13, 'cult\component\config\Plugin', '{"ru": "Плагины", "en": "Plugins", "it": "Plugin"}'),
(14, 'cult\component\config\Modify', '{"ru": "Модификации приложений сторонними уникальными решениями", "en": "Modifies", "it": "Modifica"}'),
(15, 'cult\component\config\Addon', '{"ru": "Подключение плагинов", "en": "Plugins additions", "it": "Aggiunte di plugin"}'),
(16, 'cult\component\config\ControlView', '{"ru": "Представления элементов управления", "en": "Controls", "it": "Controlli"}'),
(17, 'cult\component\config\Configuration', '{"ru": "Конфигурация", "en": "Configuration", "it": "Configurazione"}'),
(18, 'cult\component\config\Link', '{"ru": "Управление ссылками", "en": "Links", "it": "Link"}'),
(19, 'cult\component\config\Menu', '{"ru": "Конструктор меню", "en": "Menu", "it": "Menu"}'),
(20, 'cult\component\config\Language', '{"ru": "Языки", "en": "Languages", "it": "Le lingue"}'),
(21, 'cult\component\config\Setting', '{"ru": "Настройка", "en": "Setting", "it": "Ambientazione"}'),
(22, 'cult\project\config\Access', '{"ru": "Доступ", "en": "Access", "it": "Accesso"}'),
(23, 'cult\component\config\Access', '{"ru": "Идентификация", "en": "Authorization", "it": "Autorizzazione"}'),
(24, 'cult\component\config\Rbac', '{"ru": "Конструктор ролей", "en": "RBAC constructor", "it": "Costruttore RBAC"}'),
(25, 'cult\component\config\Group', '{"ru": "Управление группами", "en": "Groups", "it": "Gruppi"}'),
(26, 'cult\component\config\User', '{"ru": "Управление пользователями", "en": "Users", "it": "Utenti"}'),
(27, 'cult\component\config\Profile', '{"ru": "Управление профилями", "en": "Profile management", "it": "Gestione del profilo"}'),
(28, 'cult\component\config\Map', '{"ru": "Карта доступа", "en": "Access map", "it": "Mappa di accesso"}'),
(29, 'cult\component\config\Matrix', '{"ru": "Матрица доступа", "en": "Access matrix", "it": "Matrice di accesso"}'),
(30, 'cult\component\config\Permit', '{"ru": "Доступность плагинов", "en": "Access to plugins", "it": "Accesso ai plugin"}'),
(31, 'cult\control\config\Setting', '{"ru": "Вывод ссылки на список параметров текущей локации", "en": "Display a link to the list of parameters of the current location", "it": "Visualizzare un collegamento allelenco dei parametri della posizione corrente"}'),
(32, 'cult\plugin\config\Language', '{"ru": "Меню выбора языка интерфейса", "en": "Menu for choice interface language", "it": "Menu per la lingua di interfaccia scelta"}'),
(33, 'cult\plugin\config\Header', '{"ru": "Вывод названия локации в заголовке страницы", "en": "Location title draw in the page header", "it": "Disegna il titolo della posizione nell''intestazione della pagina"}');

INSERT IGNORE INTO role (role_id, code, title, status, nocache) VALUES
(1, 'ANY', '{"ru": "Кто угодно", "en": "Anyone", "it": "Chiunque"}', 6, 0),
(2, 'UNK', '{"ru": "Неизвестный пользователь", "en": "Unknown user", "it": "Utente sconosciuto"}', 6, 0),
(3, 'AUT', '{"ru": "Авторизованный пользователь", "en": "Authorized user", "it": "Utente autorizzato"}', 6, 0),
(4, 'TRU', '{"ru": "Доверенный пользователь", "en": "Trusted user", "it": "Utenti fidati"}', 6, 0),
(5, 'SUS', '{"ru": "Суперпользователь", "en": "Superuser", "it": "Superuser"}', 6, 0),
(6, 'SUP', '{"ru": "Руководитель", "en": "Supervisor", "it": "Supervisore"}', 4, 0),
(7, 'SIN', '{"ru": "Установщик", "en": "System installer", "it": "Installatore"}', 4, 0),
(8, 'DEV', '{"ru": "Разработчик приложений", "en": "Application developer", "it": "Sviluppatore di applicazioni"}', 6, 0),
(9, 'CRD', '{"ru": "Дизайнер схемы", "en": "Circuit designer", "it": "Progettista di circuiti"}', 6, 0),
(10, 'RBA', '{"ru": "Дизайнер ролевого доступа", "en": "Role-Based Access designer", "it": "Accesso basato ruolo Designer"}', 6, 0),
(11, 'CSS', '{"ru": "Настройщик системы сайта", "en": "Customizer of site system", "it": "Sistema del sito di regolazione"}', 6, 0),
(12, 'CSA', '{"ru": "Настройщик приложений", "en": "Customizer of applications", "it": "Applicazione Regolatore"}', 6, 0),
(13, 'SDV', '{"ru": "Разработчик системы", "en": "System developer", "it": "Sviluppatore sistema"}', 6, 0),
(14, 'WMA', '{"ru": "Веб-мастер", "en": "Webmaster", "it": "Webmaster"}', 4, 0),
(15, 'CMR', '{"ru": "Контент менеджер", "en": "Content manager", "it": "Gestore di contenuti"}', 4, 0),
(16, 'EDR', '{"ru": "Редактор", "en": "Editor", "it": "Editore"}', 4, 0),
(17, 'EXE', '{"ru": "Ответственный редактор", "en": "Executive editor", "it": "Editore esecutivo"}', 4, 0),
(18, 'CHE', '{"ru": "Главный редактор", "en": "Chief editor", "it": "Caporedattore"}', 4, 0),
(19, 'COL', '{"ru": "Журналист", "en": "Columnist", "it": "Colonnista"}', 4, 0),
(20, 'MDR', '{"ru": "Модератор", "en": "Moderator", "it": "Moderatore"}', 4, 0);

INSERT IGNORE INTO component (component_id, config_id, role_id, class, title, cache, singleton) VALUES
(1, 3, 7, 'cult\component\Install', '{"ru": "Инсталлятор", "en": "Installer", "it": "Installazione"}', 0, 1),
(2, 4, 5, 'cult\component\System', '{"ru": "Параметры системы", "en": "System Preferences", "it": "Impostazioni di sistema"}', 1, 1),
(3, 5, 1, 'cult\component\Fail', '{"ru": "Заглушка", "en": "Forbidden", "it": "Proibito"}', 1, 1),
(4, 6, 8, 'cult\component\Error', '{"ru": "Журнал ошибок", "en": "Error log", "it": "Registro errori"}', 0, 1),
(5, 7, 11, 'cult\component\Cache', '{"ru": "Управление кешированием", "en": "Cache management", "it": "Gestione della cache"}', 1, 1),
(6, 9, 8, 'cult\component\Project', '{"ru": "Управление проектами", "en": "Project management", "it": "Gestione di progetto"}', 1, 1),
(7, 10, 9, 'cult\component\Schema', '{"ru": "Схема сайта", "en": "Site schema", "it": "Schema del sito"}', 1, 1),
(8, 11, 9, 'cult\component\Navigator', '{"ru": "Навигатор", "en": "Navigation", "it": "Navigazione"}', 1, 1),
(9, 12, 8, 'cult\component\Component', '{"ru": "Компоненты", "en": "Components", "it": "Componenti"}', 1, 1),
(10, 13, 8, 'cult\component\Plugin', '{"ru": "Плагины", "en": "Plugins", "it": "Plugin"}', 1, 1),
(11, 14, 8, 'cult\component\Modify', '{"ru": "Модификации", "en": "Modifications", "it": "Modifiche"}', 1, 1),
(12, 15, 9, 'cult\component\Addon', '{"ru": "Подключение плагинов", "en": "Plugins additions", "it": "Aggiunte di plugin"}', 1, 1),
(13, 16, 9, 'cult\component\ControlView', '{"ru": "Представления элементов управления", "en": "Views of Controls", "it": "Viste dei Controlli"}', 1, 1),
(14, 17, 9, 'cult\component\Configuration', '{"ru": "Конфигурация", "en": "Configuration", "it": "Configurazione"}', 1, 1),
(15, 18, 9, 'cult\component\Link', '{"ru": "Управление ссылками", "en": "Manage links", "it": "Gestisci i collegamenti"}', 1, 1),
(16, 19, 9, 'cult\component\Menu', '{"ru": "Конструктор меню", "en": "Menu builder", "it": "Costruttore menu"}', 1, 1),
(17, 20, 7, 'cult\component\Language', '{"ru": "Языки", "en": "Languages", "it": "Le lingue"}', 1, 1),
(18, 21, 5, 'cult\component\Setting', '{"ru": "Настройка", "en": "Setting", "it": "Impostazioni"}', 1, 1),
(19, 23, 1, 'cult\component\Access', '{"ru": "Доступ и Регистрация", "en": "Access and Registration", "it": "Accesso e registrazione"}', 1, 1),
(20, 24, 10, 'cult\component\Rbac', '{"ru": "Конструктор ролей", "en": "RBAC constructor", "it": "Costruttore RBAC"}', 1, 1),
(21, 25, 5, 'cult\component\Group', '{"ru": "Управление группами", "en": "Managing Groups", "it": "Gestione dei gruppi"}', 1, 1),
(22, 26, 5, 'cult\component\User', '{"ru": "Управление пользователями", "en": "User management", "it": "Gestione utenti"}', 1, 1),
(23, 27, 3, 'cult\component\Profile', '{"ru": "Профиль пользователя", "en": "User profile", "it": "Profilo utente"}', 1, 1),
(24, 28, 5, 'cult\component\Map', '{"ru": "Карта доступа", "en": "Access map", "it": "Mappa di accesso"}', 1, 1),
(25, 29, 5, 'cult\component\Matrix', '{"ru": "Матрица доступа", "en": "Access matrix", "it": "Matrice di accesso"}', 1, 1),
(26, 30, 5, 'cult\component\Permit', '{"ru": "Доступ к плагинам", "en": "Access to plugins", "it": "Accesso ai plugin"}', 1, 1);

INSERT IGNORE INTO event (event_id, component_id, role_id, name, title, cache, access, nav) VALUES
(1, 1, 13, 'cult\project\System::E_MAKE', '{"ru": "Создать новую базу данных", "en": "Create new database", "it": "Crea nuovo database"}', 0, 1, 1),
(2, 1, 13, 'cult\project\System::E_REMAKE', '{"ru": "Очистить базу данных", "en": "Truncate database", "it": "Truncate database"}', 0, 1, 1),
(3, 1, 7, 'cult\project\System::E_SITE', '{"ru": "Добавление сайта", "en": "Site addition", "it": "Aggiunta del sito"}', 0, 1, 1),
(4, 1, 7, 'cult\project\System::E_SWITCH', '{"ru": "Переключиться на указанную базу данных", "en": "Switch between databases", "it": "Passare tra i database"}', 0, 1, 0),
(5, 2, 11, 'cult\project\System::E_EDIT', '{"ru": "Изменение конфигурации сайта", "en": "Change site configuration", "it": "Cambiare la configurazione del sito"}', 1, 1, 1),
(6, 2, 13, 'cult\project\System::E_INFO', '{"ru": "Просмотр иформации о настройках сервера", "en": "View information about server settings", "it": "Per visualizzare le informazioni sulle impostazioni del server"}', 0, 1, 1),
(7, 2, 11, 'cult\project\System::E_TEST', '{"ru": "Переключение режима работы сайта", "en": "Switching the site mode", "it": "Commutazione della modalità sito"}', 0, 1, 1),
(8, 3, 8, 'cult\Site::DEBUG', '{"ru": "Показать сообщения об ошибках", "en": "Show error messages", "it": "Mostra messaggi di errore"}', 0, 1, 0),
(9, 5, 11, 'cult\project\System::E_CACHE', '{"ru": "Включение отключение кеширования страниц сайта", "en": "Enable or disable caching of pages", "it": "Attivare o disattivare la memorizzazione nella cache delle pagine"}', 0, 1, 0),
(10, 5, 11, 'cult\project\System::E_EVENT', '{"ru": "Включение отключение кеширования страниц ответа на события", "en": "Turning off page caching response to events", "it": "Spegnimento pagina di risposta di caching per eventi"}', 0, 1, 0),
(11, 5, 11, 'cult\project\System::E_IGNOFF', '{"ru": "Заблокировать игнорирование кеша", "en": "Disable ignore cache", "it": "Disabilitare ignorare la cache"}', 1, 1, 0),
(12, 5, 11, 'cult\project\System::E_IGNORE', '{"ru": "Управление списком игнорирования кеша", "en": "Managing the list of ignoring cache", "it": "Gestire l''elenco delle cache di ignorare"}', 1, 1, 1),
(13, 5, 11, 'cult\project\System::E_LOCATE', '{"ru": "Включение отключение кеширования страниц локации", "en": "Enable or disable caching of locations pages", "it": "Attivare o disattivare la memorizzazione nella cache delle pagine posizioni"}', 0, 1, 0),
(14, 5, 5, 'cult\project\System::E_VIEW', '{"ru": "Обзор событий локации", "en": "Browse locations events", "it": "Sfoglia posizioni eventi"}', 1, 1, 0),
(15, 6, 8, 'cult\project\Schema::E_ADD_DEC', '{"ru": "Добавление решений в проекты", "en": "Adding decisions into projects", "it": "L''aggiunta di decisioni in progetti"}', 1, 1, 0),
(16, 6, 8, 'cult\project\Schema::E_ADD_PRO', '{"ru": "Добавление проектов", "en": "Addition of projects", "it": "L''aggiunta di progetti"}', 1, 1, 1),
(17, 6, 8, 'cult\project\Schema::E_ATTACH', '{"ru": "Подключить готовое приложение", "en": "Attach existing project", "it": "Allega progetto esistente"}', 0, 1, 0),
(18, 6, 8, 'cult\project\Schema::E_DROP_DEC', '{"ru": "Удаление решений из проектов", "en": "Deleting decisions out of projects", "it": "Eliminazione di decisioni di progetti"}', 1, 1, 0),
(19, 6, 8, 'cult\project\Schema::E_DROP_PRO', '{"ru": "Удаление проектов.", "en": "Removal projects", "it": "Progetti di rimozione"}', 1, 1, 0),
(20, 6, 8, 'cult\project\Schema::E_EDIT_DEC', '{"ru": "Изменение решений.", "en": "Edit  decision", "it": "Modifica decisione"}', 1, 1, 0),
(21, 6, 8, 'cult\project\Schema::E_EDIT_PRO', '{"ru": "Изменение проектов", "en": "Editin of projects", "it": "Redazione di progetti"}', 1, 1, 0),
(22, 6, 8, 'cult\project\Schema::E_OPEN', '{"ru": "Открытие проекта для развертывания приложений", "en": "Opening the project to deploy applications", "it": "Apertura del progetto per distribuire le applicazioni"}', 1, 1, 0),
(23, 6, 8, 'cult\project\Schema::E_VIEW_DEC', '{"ru": "Обзор списка решений проекта", "en": "Review of the list of project decisions", "it": "Revisione della lista delle decisioni di progetto"}', 1, 1, 0),
(24, 7, 9, 'cult\project\Schema::E_ADD', '{"ru": "Добавить приложение", "en": "Add application", "it": "Aggiungi applicazione"}', 1, 1, 1),
(25, 7, 9, 'cult\project\Schema::E_EDIT', '{"ru": "Изменить приложение", "en": "Edit application", "it": "Modifica applicazione"}', 1, 1, 0),
(26, 7, 8, 'cult\project\Schema::E_IMAGE_MAKE', '{"ru": "Создать образ приложения", "en": "Create an application image", "it": "Creare un''immagine dell''applicazione"}', 0, 1, 0),
(27, 7, 8, 'cult\project\Schema::E_IMAGE_USE', '{"ru": "Установить приложение из образа", "en": "Installation an application from an image", "it": "Installazione di un''applicazione da un''immagine"}', 0, 1, 0),
(28, 7, 5, 'cult\project\Schema::E_LOC', '{"ru": "Обзор всех локаций схемы", "en": "Overview of all schema locations", "it": "Panoramica di tutte le sedi dello schema"}', 1, 1, 1),
(29, 7, 9, 'cult\project\Schema::E_NAME', '{"ru": "Переименовать локацию", "en": "Rename Location", "it": "Rinomina posizione"}', 1, 1, 0),
(30, 7, 8, 'cult\project\Schema::E_PRIV', '{"ru": "Перегрузить привилегии приложения", "en": "Reload app privileges", "it": "Riavviare i privilegi di applicazione"}', 1, 1, 0),
(31, 7, 5, 'cult\project\Schema::E_SHOW', '{"ru": "Показать локации приложения", "en": "Show locations of application", "it": "Mostra le posizioni dell''applicazione"}', 1, 1, 0),
(32, 7, 8, 'cult\project\Schema::E_SOLUTION_MAKE', '{"ru": "Сохранить образ сайта", "en": "Save the image of the site", "it": "Salvare l''immagine del sito"}', 0, 1, 1),
(33, 7, 8, 'cult\project\Schema::E_SOLUTION_USE', '{"ru": "Установка сайта из образа", "en": "Installing a site from an image", "it": "Installazione di un sito da un''immagine"}', 0, 1, 0),
(34, 8, 9, 'cult\project\Schema::E_ADD_MAP', '{"ru": "Изменить список локаций для конкретного меню", "en": "Change the list of locations for a specific menu", "it": "Cambiare l''elenco delle posizioni di un menu specifico"}', 1, 1, 0),
(35, 8, 9, 'cult\project\Schema::E_ADD_MENU', '{"ru": "Дабавление меню на страницы локации", "en": "Adding menus to the location pages", "it": "Aggiunta di menu alle pagine di località"}', 1, 1, 0),
(36, 9, 8, 'cult\project\Schema::E_ADD_COM', '{"ru": "Добавить компонент", "en": "Add component", "it": "Aggiungi componente"}', 1, 1, 1),
(37, 9, 8, 'cult\project\Schema::E_ADD_CTRL', '{"ru": "Добавить элемент управления", "en": "Add control", "it": "Aggiungi controllo"}', 1, 1, 0),
(38, 9, 8, 'cult\project\Schema::E_ADD_EVENT', '{"ru": "Добавить событие", "en": "Add event", "it": "Aggiungi evento"}', 1, 1, 0),
(39, 9, 8, 'cult\project\Schema::E_DROP_COM', '{"ru": "Удалить компонент", "en": "Drop component", "it": "Componente di goccia"}', 1, 1, 0),
(40, 9, 8, 'cult\project\Schema::E_DROP_CTRL', '{"ru": "Удалить элемент управления", "en": "Drop control", "it": "Controllo di goccia"}', 1, 1, 0),
(41, 9, 8, 'cult\project\Schema::E_DROP_EVENT', '{"ru": "Удалить событие", "en": "Delete event", "it": "Elimina evento"}', 1, 1, 0),
(42, 9, 8, 'cult\project\Schema::E_EDIT_COM', '{"ru": "Изменить компонент", "en": "Edit component", "it": "Modifica componente"}', 1, 1, 0),
(43, 9, 8, 'cult\project\Schema::E_EDIT_CTRL', '{"ru": "Изменить элемент управления", "en": "Edit control", "it": "Modifica controllo"}', 1, 1, 0),
(44, 9, 8, 'cult\project\Schema::E_EDIT_EVENT', '{"ru": "Изменить событие", "en": "Edit event", "it": "Modifica evento"}', 1, 1, 0),
(45, 9, 8, 'cult\project\Schema::E_VIEW_CTRL', '{"ru": "Обзор элементов управления компонента", "en": "Overview of the controls in the component", "it": "Panoramica dei controlli nel componente"}', 1, 0, 0),
(46, 9, 8, 'cult\project\Schema::E_VIEW_EVENT', '{"ru": "Обзор событий компонента", "en": "Component events overview", "it": "Panoramica degli eventi dei componenti"}', 1, 0, 0),
(47, 10, 8, 'cult\project\Schema::E_ADD', '{"ru": "Добавление плагина", "en": "Adding a plug-in", "it": "Aggiunta di un plug-in"}', 1, 1, 1),
(48, 10, 8, 'cult\project\Schema::E_ATTACH', '{"ru": "Подключение готовых плагинов", "en": "Attach existing plug-ins", "it": "Collegare i plug-in esistenti"}', 1, 1, 0),
(49, 10, 8, 'cult\project\Schema::E_DROP', '{"ru": "Удаление плагина", "en": "Deleting the plug-in", "it": "Eliminazione del plug-in"}', 1, 1, 0),
(50, 10, 8, 'cult\project\Schema::E_EDIT', '{"ru": "Изменение плагина", "en": "Change the plug-in", "it": "Cambiare il plug-in"}', 1, 1, 0),
(51, 11, 8, 'cult\project\Schema::E_ADD_MOD', '{"ru": "Добавление модификаций в проект", "en": "Adding modifications to the project", "it": "Aggiunta di modifiche al progetto"}', 1, 1, 0),
(52, 11, 8, 'cult\project\Schema::E_ADD_PROJECT', '{"ru": "Присоединение проектов к модификатору", "en": "Joining projects to the modifier", "it": "Associare progetti al modificatore"}', 1, 1, 0),
(53, 12, 9, 'cult\project\Schema::E_ADD_ALL', '{"ru": "Включить плагин во все локации", "en": "Activate the plugin in all locations", "it": "Attiva il plugin in tutte le posizioni"}', 1, 1, 0),
(54, 12, 9, 'cult\project\Schema::E_ADD_MAP', '{"ru": "Изменить карту локаций для плагина", "en": "Change locations map for plug-in", "it": "Cambiare la mappa delle posizioni per il plug-in"}', 1, 1, 0),
(55, 12, 9, 'cult\project\Schema::E_ADD_PLUG', '{"ru": "Изменить состав плагинов для локации.", "en": "Change the composition of the plug-ins for locations", "it": "Modificare la composizione dei plug-in per le posizioni"}', 1, 1, 0),
(56, 12, 9, 'cult\project\Schema::E_AUTO', '{"ru": "Сделать плагин автоподключаемым", "en": "Make the plugin automatically connected", "it": "Rendere il plugin collegato automaticamente"}', 1, 1, 0),
(57, 12, 9, 'cult\project\Schema::E_DROP_ALL', '{"ru": "Отключить плагин ото всех локаций", "en": "Disable the plugin from all locations", "it": "Disattiva il plugin da tutte le posizioni"}', 1, 1, 0),
(58, 12, 9, 'cult\project\Schema::E_GLOBAL', '{"ru": "Сделать плагин глобальным", "en": "Make the plugin global", "it": "Fai il plugin globale"}', 1, 1, 0),
(59, 12, 9, 'cult\project\Schema::E_PLUG', '{"ru": "Обзор плагинов и включениями в локации", "en": "Overview of plug-ins and their inclusions in the location", "it": "Panoramica dei plug-in e loro inclusioni nella posizione"}', 1, 0, 0),
(60, 12, 9, 'cult\project\Schema::E_UNAUTO', '{"ru": "Отменить автоподключаемость плагина", "en": "Disable automatic plug-in connection", "it": "Disattiva la connessione plug-in automatica"}', 1, 1, 0),
(61, 12, 9, 'cult\project\Schema::E_UNGLOB', '{"ru": "Отменить глобальное включение плагина", "en": "Cancel global switch plug", "it": "Annulla la spina interruttore globale"}', 1, 1, 0),
(62, 13, 9, 'cult\project\Schema::E_ADD_CTRL', '{"ru": "Добавление элементов управления на страницы локации", "en": "Add control to the location pages", "it": "Aggiungere il controllo alle pagine di posizione"}', 1, 1, 0),
(63, 13, 9, 'cult\project\Schema::E_ADD_MAP', '{"ru": "Изменение списка локаций в которых размещен конкретный элемент управления", "en": "Change the list of locations in which a particular control is placed", "it": "Cambiare l''elenco delle posizioni in cui viene inserito un particolare controllo"}', 1, 1, 0),
(64, 14, 8, 'cult\project\Schema::E_CHANGE', '{"ru": "Изменение конфигурации локации", "en": "Changing the location config", "it": "Modifica della configurazione della posizione"}', 1, 1, 0),
(65, 14, 8, 'cult\project\Schema::E_EDIT', '{"ru": "Изменение опции конфигурации", "en": "Editing configuration option", "it": "Modifica dell''opzione di configurazione"}', 1, 1, 0),
(66, 14, 8, 'cult\project\Schema::E_VIEW', '{"ru": "Обзор конфигурации локации", "en": "Location config view", "it": "Vista di configurazione della posizione"}', 1, 1, 0),
(67, 15, 9, 'cult\project\Schema::E_ADD', '{"ru": "Добавить ссылку", "en": "Add link", "it": "Aggiungi link"}', 1, 1, 1),
(68, 15, 9, 'cult\project\Schema::E_DROP', '{"ru": "Удалить ссылку", "en": "Delete link", "it": "Elimina il collegamento"}', 1, 1, 0),
(69, 15, 9, 'cult\project\Schema::E_EDIT', '{"ru": "Изменить ссылку", "en": "Edit link", "it": "Modifica collegamento"}', 1, 1, 0),
(70, 16, 9, 'cult\project\Schema::E_ADD_ITEM', '{"ru": "Добавление пункта меню", "en": "Adding a menu item", "it": "L''aggiunta di una voce di menu"}', 1, 1, 0),
(71, 16, 9, 'cult\project\Schema::E_ADD_MENU', '{"ru": "Добавление меню", "en": "Adding a menu", "it": "Aggiunta di menu"}', 1, 1, 1),
(72, 16, 9, 'cult\project\Schema::E_DROP_ITEM', '{"ru": "Удаление пункта меню", "en": "Deleting a menu item", "it": "Eliminazione di una voce di menu"}', 0, 1, 0),
(73, 16, 9, 'cult\project\Schema::E_EDIT_ITEM', '{"ru": "Изменение пункта меню", "en": "Changing the menu item", "it": "Modifica la voce di menu"}', 1, 1, 0),
(74, 16, 9, 'cult\project\Schema::E_EDIT_MENU', '{"ru": "Изменение меню", "en": "Change the menu", "it": "Modifica del menu"}', 0, 1, 0),
(75, 16, 9, 'cult\project\Schema::E_ITEM_OFF', '{"ru": "Скрыть пункт меню", "en": "Hide menu item", "it": "Nascondi la voce di menu"}', 0, 1, 0),
(76, 16, 9, 'cult\project\Schema::E_ITEM_ON', '{"ru": "Активировать пункт меню", "en": "Activate menu item", "it": "Attivare la voce di menu"}', 0, 1, 0),
(77, 16, 9, 'cult\project\Schema::E_MENU', '{"ru": "Обзор пунктов конкретного меню", "en": "Overview of items in a specific menu", "it": "Panoramica degli elementi di un menu specifico"}', 1, 0, 0),
(78, 17, 11, 'cult\project\Schema::E_ADD', '{"ru": "Добавление языка интерфейса", "en": "Adding the interface language", "it": "Aggiunta della lingua dell''interfaccia"}', 1, 1, 0),
(79, 17, 11, 'cult\project\Schema::E_DEFAULT', '{"ru": "Выбор языка интерфейса поумолчанию", "en": "Selecting the interface language defaul", "it": "Selezione della lingua di interfaccia predefinita"}', 1, 1, 0),
(80, 17, 11, 'cult\project\Schema::E_EDIT', '{"ru": "Изменение параметров языка интерфейса", "en": "Change interface language settings", "it": "Cambiare le impostazioni della lingua dell''interfaccia"}', 1, 1, 0),
(81, 17, 11, 'cult\project\Schema::E_ML', '{"ru": "Переключение режима многоязычности", "en": "Switching mode multilingualism", "it": "Modalità di commutazione multilinguismo"}', 1, 1, 0),
(82, 17, 11, 'cult\project\Schema::E_STATUS', '{"ru": "Переключение статуса дополнительного языка", "en": "Switching the secondary language status", "it": "Commutazione dello stato della lingua secondaria"}', 1, 1, 0),
(83, 18, 12, 'cult\project\Schema::E_CHANGE', '{"ru": "Изменение конфигурации локации", "en": "Changing the location config", "it": "Modifica della configurazione della posizione"}', 1, 1, 0),
(84, 18, 12, 'cult\project\Schema::E_EDIT', '{"ru": "Изменение опции конфигурации", "en": "Editing configuration option", "it": "Modifica dell''opzione di configurazione"}', 1, 1, 0),
(85, 18, 12, 'cult\project\Schema::E_VIEW', '{"ru": "Обзор конфигурации локации", "en": "Location config view", "it": "Vista di configurazione della posizione"}', 1, 1, 0),
(86, 19, 1, 'cult\project\Access::E_CONFIRM', '{"ru": "Подтверждение Регистрации", "en": "Confirmation of Registration", "it": "Conferma di registrazione"}', 0, 0, 0),
(87, 19, 1, 'cult\project\Access::E_LOGIN', '{"ru": "Войти", "en": "Login", "it": "Accesso"}', 0, 0, 0),
(88, 19, 3, 'cult\project\Access::E_LOGOUT', '{"ru": "Выйти", "en": "Logout", "it": "Logout"}', 0, 0, 1),
(89, 19, 2, 'cult\project\Access::E_RECOVERY', '{"ru": "Восстановление Доступа", "en": "Access Recovery", "it": "Recupero di accesso"}', 1, 1, 1),
(90, 19, 2, 'cult\project\Access::E_REGISTER', '{"ru": "Регистрация Пользователя", "en": "User Registration", "it": "Registrazione Utente"}', 1, 1, 1),
(91, 20, 10, 'cult\project\Access::E_ADD', '{"ru": "Добавление роли", "en": "Addition of role", "it": "Aggiunta di ruolo"}', 1, 1, 1),
(92, 20, 10, 'cult\project\Access::E_DROP', '{"ru": "Удаление роли", "en": "Delete the role", "it": "Eliminare il ruolo"}', 1, 1, 0),
(93, 20, 10, 'cult\project\Access::E_EDIT', '{"ru": "Изменение роли", "en": "Editing of role", "it": "Modifica del ruolo"}', 1, 1, 0),
(94, 20, 10, 'cult\project\Access::E_LOCK', '{"ru": "Отключение роли", "en": "Switch the role", "it": "Passare il ruolo"}', 1, 1, 0),
(95, 20, 10, 'cult\project\Access::E_NODROP', '{"ru": "Управление атрибутом удаляемости ролей", "en": "Managing the Role Removal Attribute", "it": "Gestione dell''attributo di rimozione del ruolo"}', 1, 1, 0),
(96, 20, 10, 'cult\project\Access::E_NOLOCK', '{"ru": "Управление атрибутом отключаемости ролей", "en": "Manage the attribute of disabling roles", "it": "Gestisci l''attributo dei ruoli disattivabili"}', 1, 1, 0),
(97, 21, 5, 'cult\project\Access::E_ADD', '{"ru": "Добавление группы", "en": "Adding a group", "it": "Aggiunta di un gruppo"}', 1, 1, 1),
(98, 21, 5, 'cult\project\Access::E_AUTO', '{"ru": "Автоматически включать новых пользователей в группу", "en": "Automatically include new users in a group", "it": "Inserisci automaticamente nuovi utenti in un gruppo"}', 0, 1, 0),
(99, 21, 5, 'cult\project\Access::E_DROP', '{"ru": "Удаление группы", "en": "Deleting a group", "it": "Eliminazione di un gruppo"}', 0, 1, 0),
(100, 21, 5, 'cult\project\Access::E_EDIT', '{"ru": "Изменение группы", "en": "Edit group", "it": "Modifica gruppo"}', 0, 1, 0),
(101, 21, 5, 'cult\project\Access::E_LOCK', '{"ru": "Блокировка группы", "en": "Locking the group", "it": "Bloccare il gruppo"}', 0, 1, 0),
(102, 21, 11, 'cult\project\Access::E_NODROP', '{"ru": "Запретить удалять группу", "en": "Do not allow to delete a group", "it": "Non consentire l''eliminazione di un gruppo"}', 0, 1, 0),
(103, 21, 11, 'cult\project\Access::E_NOLOCK', '{"ru": "Запрет блокировки группы", "en": "Do not allow to lock a group", "it": "Non consentire di bloccare un gruppo"}', 0, 1, 0),
(104, 21, 5, 'cult\project\Access::E_ROLE', '{"ru": "Назначение ролей для группы", "en": "Assigning Roles to a Group", "it": "Assegnazione di ruoli a un gruppo"}', 0, 1, 0),
(105, 22, 5, 'cult\project\Access::E_ADD', '{"ru": "Добавление пользователя", "en": "Add a user", "it": "Aggiunta di un utente"}', 1, 1, 1),
(106, 22, 5, 'cult\project\Access::E_BANN', '{"ru": "Блокировка пользователей", "en": "Blocking users", "it": "Bloccare gli utenti"}', 0, 1, 0),
(107, 22, 5, 'cult\project\Access::E_DROP', '{"ru": "Удаленеие пользователей", "en": "Removing Users", "it": "Eliminazione di utenti"}', 0, 1, 0),
(108, 22, 5, 'cult\project\Access::E_EDIT', '{"ru": "Изменение пользователя", "en": "Edit user", "it": "Modifica utente"}', 0, 1, 0),
(109, 22, 5, 'cult\project\Access::E_TEAM', '{"ru": "Включение ползователя в группы", "en": "Enable the user in groups", "it": "Attiva l''utente in gruppi"}', 0, 1, 0),
(110, 23, 3, 'cult\project\Access::E_CHANGE', '{"ru": "Управление личным профилем", "en": "Use and change personal profile", "it": "Usa e cambia profilo personale"}', 0, 1, 0),
(111, 24, 12, 'cult\project\Access::E_ADD_MAP', '{"ru": "Изменить карту доступа для роли", "en": "Change the access map for the role", "it": "Modificare la mappa di accesso per il ruolo"}', 1, 1, 0),
(112, 24, 12, 'cult\project\Access::E_ADD_ROLE', '{"ru": "Изменить состав ролей дающих доступ к локации", "en": "Change the composition of roles giving access to the locations", "it": "Modifica la composizione dei ruoli che danno accesso alle posizioni"}', 1, 1, 0),
(113, 24, 12, 'cult\project\Access::E_ROLE', '{"ru": "Обзор ролей и локаций", "en": "Overview of roles and locations", "it": "Panoramica dei ruoli e delle posizioni"}', 1, 0, 1),
(114, 25, 12, 'cult\project\Access::E_ADD_MX', '{"ru": "Изменить список входящих в роль привилегий", "en": "Change the list of privileges included in the role", "it": "Modificare l''elenco dei privilegi inclusi nel ruolo"}', 1, 1, 0),
(115, 25, 12, 'cult\project\Access::E_ADD_ROLE', '{"ru": "Изменить состав ролей для привилегии", "en": "Change role list for privileges", "it": "Cambiare l''elenco dei ruoli per i privilegi"}', 1, 1, 0),
(116, 25, 12, 'cult\project\Access::E_ROLE', '{"ru": "Роли со списками привилегий", "en": "Roles with privilege lists", "it": "Ruoli con elenchi di privilegi"}', 1, 0, 1),
(117, 26, 12, 'cult\project\Access::E_ADD_PERM', '{"ru": "Изменение списка плагинов для выбранной роли", "en": "Modify the list of plug-ins for the selected role", "it": "Modifica l''elenco dei plug-in per il ruolo selezionato"}', 0, 1, 0),
(118, 26, 12, 'cult\project\Access::E_ADD_ROLE', '{"ru": "Добавление ролей для доступа к плагину", "en": "Adding roles for geting access to the plugin", "it": "Aggiunta di ruoli per ottenere l''accesso al plugin"}', 1, 1, 0),
(119, 1, 8, 'cult\project\System::E_MIGRATE', '{"ru": "Выполнить обновление схемы данных", "en": "Update the data schema", "it": "Aggiorna lo schema dei dati"}', 0, 1, 0),
(120, 16, 9, 'cult\project\Schema::E_RESPONSE', '{"ru": "Вывод списка элементов адаптивного дизайна", "en": "Showing a list of responsive design elements", "it": "Mostrando una lista di elementi di design reattivi"}', 1, 1, 1),
(121, 16, 9, 'cult\project\Schema::E_ADD_RESPONSE', '{"ru": "Добавить элемент адаптивного дизайна", "en": "Add a responsive design element", "it": "Aggiungi un elemento di design reattivo"}', 1, 1, 1),
(122, 16, 9, 'cult\project\Schema::E_EDIT_RESPONSE', '{"ru": "Изменить элемент адаптивного дизайна", "en": "Modify responsive design element", "it": "Modifica elemento di progettazione reattivo"}', 0, 1, 0);

INSERT IGNORE INTO project (project_id, config_id, code, class, `schema`, title, singleton, open) VALUES
(1, 2, 'SYS', 'cult\project\System', 'cult\schema\System', '{"ru": "Система", "en": "System", "it": "Sistema"}', 1, 1),
(2, 8, 'SCH', 'cult\project\Schema', '', '{"ru": "Структура", "en": "Structure", "it": "Struttura"}', 1, 1),
(3, 22, 'ACS', 'cult\project\Access', '', '{"ru": "Доступ", "en": "Access", "it": "Accesso"}', 1, 1);

INSERT IGNORE INTO build (build_id, project_id, code, title) VALUES
(1, 1, 'SYS', '{"ru": "Система", "en": "System", "it": "Sistema"}'),
(2, 2, 'SCH', '{"ru": "Схема сайта", "en": "Schema of the site", "it": "Schema del sito"}'),
(3, 3, 'ACS', '{"ru": "Система доступа", "en": "Access system", "it": "Sistema di accesso"}');

INSERT IGNORE INTO decision (decision_id, project_id, component_id, name, title, cache) VALUES
(1, 1, 1, 'install', '{"ru": "Установка системы", "en": "Installing the system", "it": "Installazione del sistema"}', 0),
(2, 1, 2, 'site', '{"ru": "Конфигурация сайта", "en": "Site Configuration", "it": "Configurazione del sito"}', 1),
(3, 1, 3, 'forbidden', '{"ru": "Обработка ошибок и ошибочных запросов", "en": "Handling errors and forbidden requests", "it": "Gestione di errori e richieste proibite"}', 1),
(4, 1, 4, 'errlog', '{"ru": "Журнал ошибок", "en": "Error log", "it": "Registro errori"}', 1),
(5, 1, 5, 'cache', '{"ru": "Управление кешированием", "en": "Cache management", "it": "Gestione della cache"}', 1),
(6, 2, 6, 'project', '{"ru": "Управление проектами", "en": "Project management", "it": "Gestione di progetto"}', 1),
(7, 2, 7, 'schema', '{"ru": "Управление схемой сайта", "en": "Site Schema Management", "it": "Gestione dello schema del sito"}', 1),
(8, 2, 8, 'navigator', '{"ru": "Навигация", "en": "Navigation", "it": "Navigazione"}', 1),
(9, 2, 9, 'com', '{"ru": "Компоненты, События, Элементы управления", "en": "Components, Events, Controls", "it": "Componenti, Eventi, Controlli"}', 1),
(10, 2, 10, 'plugin', '{"ru": "Плагины", "en": "Plugins", "it": "Plugin"}', 1),
(11, 2, 11, 'modify', '{"ru": "Модификации приложений", "en": "Application Modifications", "it": "Modifiche dell''applicazione"}', 1),
(12, 2, 12, 'addon', '{"ru": "Подключение плагинов", "en": "Plugin connection", "it": "Connessione plugin"}', 1),
(13, 2, 13, 'view', '{"ru": "Представления элементов управления", "en": "Views of Controls", "it": "Viste dei controlli"}', 1),
(14, 2, 14, 'config', '{"ru": "Конфигурация", "en": "Configuration", "it": "Configurazione"}', 1),
(15, 2, 15, 'links', '{"ru": "Ссылки", "en": "References", "it": "Riferimenti"}', 1),
(16, 2, 16, 'menu', '{"ru": "Меню", "en": "Menu", "it": "Menu"}', 1),
(17, 2, 17, 'langs', '{"ru": "Языки", "en": "Langueges", "it": "Le lingue"}', 1),
(18, 2, 18, 'settings', '{"ru": "Настройки", "en": "Settings", "it": "Impostazioni"}', 1),
(19, 3, 19, 'access', '{"ru": "Система Доступа", "en": "Access system", "it": "Sistema di accesso"}', 1),
(20, 3, 20, 'rbac', '{"ru": "Конструктор ролевого доступа", "en": "Access constructor", "it": "Costruttore di accesso"}', 1),
(21, 3, 21, 'group', '{"ru": "Управление группами", "en": "Managing Groups", "it": "Gestione dei gruppi"}', 1),
(22, 3, 22, 'user', '{"ru": "Управление пользователями", "en": "User management", "it": "Gestione utenti"}', 1),
(23, 3, 23, 'profile', '{"ru": "Управление личным профилем", "en": "Manage personal profile", "it": "Gestire il profilo personale"}', 1),
(24, 3, 24, 'map', '{"ru": "Карта доступа", "en": "Access map", "it": "Mappa di accesso"}', 1),
(25, 3, 25, 'matrix', '{"ru": "Матрица доступа", "en": "Access matrix", "it": "Matrice di accesso"}', 1),
(26, 3, 26, 'attach', '{"ru": "Доступ к плагинам", "en": "Access to plugins", "it": "Accesso ai plugin"}', 1);

INSERT IGNORE INTO projectmod (project_id, decision_id) VALUES
(1, 19);

INSERT IGNORE INTO locate (locate_id, decision_id, build_id, name, title, serial, cache, clear) VALUES
(1, 1, 1, 'installer', '{"ru": "Установка системы", "en": "System installer", "it": "Installazione del sistema"}', 500, 0, ''),
(2, 2, 1, 'system', '{"ru": "Конфигурация", "en": "Configuration", "it": "Configurazione"}', 50, 1, ''),
(3, 3, 1, 'forbidden', '{"ru": "Страница отсутствует", "en": "Forbidden", "it": "Proibito"}', 1000, 0, ''),
(4, 4, 1, 'error_log', '{"ru": "Журнал ошибок", "en": "Error log", "it": "Registro errori"}', 500, 0, ''),
(5, 5, 1, 'cache', '{"ru": "Управление кешированием", "en": "Cache management", "it": "Gestione della cache"}', 500, 0, ''),
(6, 6, 2, 'projects', '{"ru": "Управление проектами", "en": "Project management", "it": "Gestione di progetto"}', 500, 1, ''),
(7, 7, 2, 'schema', '{"ru": "Схема", "en": "Schema", "it": "Schema"}', 500, 1, ''),
(8, 8, 2, 'navigation', '{"ru": "Навигация", "en": "Navigation", "it": "Navigazione"}', 500, 1, ''),
(9, 9, 2, 'components', '{"ru": "Компоненты", "en": "Components", "it": "Componenti"}', 500, 1, ''),
(10, 10, 2, 'plugins', '{"ru": "Плагины", "en": "Plugins", "it": "Plugin"}', 500, 1, ''),
(11, 11, 2, 'modification', '{"ru": "Модификации приложений", "en": "Application Modifications", "it": "Modifiche dell''applicazione"}', 500, 1, ''),
(12, 12, 2, 'addons', '{"ru": "Подключение плагинов", "en": "Add on", "it": "Aggiungi su"}', 500, 1, ''),
(13, 13, 2, 'views', '{"ru": "Представления", "en": "Views of controls", "it": "Viste dei controlli"}', 500, 1, ''),
(14, 14, 2, 'configuration', '{"ru": "Конфигурация", "en": "Configuration", "it": "Configurazione"}', 500, 1, ''),
(15, 15, 2, 'links', '{"ru": "Ссылки", "en": "References", "it": "Riferimenti"}', 500, 1, ''),
(16, 16, 2, 'menu', '{"ru": "Меню", "en": "Menu", "it": "Menu"}', 500, 1, ''),
(17, 17, 1, 'languages', '{"ru": "Языки", "en": "Langueges", "it": "Le lingue"}', 500, 1, ''),
(18, 18, 2, 'settings', '{"ru": "Настройки", "en": "Settings", "it": "Impostazioni"}', 500, 1, ''),
(19, 19, 3, 'access', '{"ru": "Система Доступа", "en": "Access System", "it": "Sistema di accesso"}', 100, 1, ''),
(20, 20, 3, 'rbac', '{"ru": "Конструктор ролевого доступа", "en": "Access constructor", "it": "Costruttore di accesso"}', 500, 1, ''),
(21, 21, 3, 'groups', '{"ru": "Управление группами", "en": "Managing Groups", "it": "Gestione dei gruppi"}', 500, 1, ''),
(22, 22, 3, 'users', '{"ru": "Управление пользователями", "en": "User management", "it": "Gestione utenti"}', 500, 1, ''),
(23, 23, 3, 'profile', '{"ru": "Профиль пользователя", "en": "User profile", "it": "Profilo utente"}', 200, 1, ''),
(24, 24, 3, 'access_map', '{"ru": "Карта доступа", "en": "Access map", "it": "Mappa di accesso"}', 500, 1, ''),
(25, 25, 3, 'access_matrix', '{"ru": "Матрица доступа", "en": "Access matrix", "it": "Matrice di accesso"}', 500, 1, ''),
(26, 26, 3, 'plugins_attach', '{"ru": "Доступ к плагинам", "en": "Access to plugins", "it": "Accesso ai plugin"}', 500, 1, '');

INSERT IGNORE INTO access (role_id, locate_id) VALUES
(5, 1),
(7, 1),
(5, 2),
(1, 3),
(8, 4),
(11, 5),
(8, 6),
(9, 7),
(9, 8),
(8, 9),
(8, 10),
(8, 11),
(9, 12),
(9, 13),
(9, 14),
(9, 15),
(9, 16),
(7, 17),
(5, 18),
(1, 19),
(10, 20),
(5, 21),
(5, 22),
(3, 23),
(5, 24),
(5, 25),
(5, 26);

INSERT IGNORE INTO plugin (plugin_id, config_id, class, title, status) VALUES
(1, 32, 'cult\plugin\Language', '{"ru": "Меню выбора языка интерфейса", "en": "Menu for choice interface language", "it": "Menu per selezionare la lingua dell''interfaccia"}', 2),
(2, 33, 'cult\plugin\Header', '{"ru": "Вывод названия локации в заголовке страницы", "en": "Location title draw in the page header", "it": "Consente di visualizzare il nome della località nell''intestazione della pagina"}', 1);

INSERT IGNORE INTO addon (locate_id, plugin_id, serial, active) VALUES
(1, 1, 1, 1),
(2, 1, 1, 1),
(3, 1, 1, 1),
(4, 1, 1, 1),
(5, 1, 1, 1),
(6, 1, 1, 1),
(7, 1, 1, 1),
(8, 1, 1, 1),
(9, 1, 1, 1),
(10, 1, 1, 1),
(11, 1, 1, 1),
(12, 1, 1, 1),
(13, 1, 1, 1),
(14, 1, 1, 1),
(15, 1, 1, 1),
(16, 1, 1, 1),
(17, 1, 1, 1),
(18, 1, 1, 1),
(19, 1, 1, 1),
(20, 1, 1, 1),
(21, 1, 1, 1),
(22, 1, 1, 1),
(23, 1, 1, 1),
(24, 1, 1, 1),
(25, 1, 1, 1),
(26, 1, 1, 1),
(24, 2, 1, 1),
(23, 2, 1, 1),
(22, 2, 1, 1),
(21, 2, 1, 1),
(20, 2, 1, 1),
(18, 2, 1, 1),
(17, 2, 1, 1),
(16, 2, 1, 1),
(15, 2, 1, 1),
(14, 2, 1, 1),
(13, 2, 1, 1),
(12, 2, 1, 1),
(11, 2, 1, 1),
(10, 2, 1, 1),
(9, 2, 1, 1),
(8, 2, 1, 1),
(7, 2, 1, 1),
(6, 2, 1, 1),
(5, 2, 1, 1),
(4, 2, 1, 1),
(2, 2, 1, 1),
(1, 2, 1, 1),
(25, 2, 1, 1),
(26, 2, 1, 1);

INSERT IGNORE INTO attach (role_id, plugin_id) VALUES
(1, 1),
(1, 2);

INSERT IGNORE INTO cheat (cheat_id, name, class, method) VALUES
(1, 'phpinfo', 'cult\\Cheat', 'phpinfo'),
(2, 'promo', 'cult\\project\\Promo', 'redirect'),
(3, 'external', 'cult\\Cheat', 'redirect');

INSERT IGNORE INTO config_type (type_id, type, status) VALUES
(1, 'boolean', 0),
(2, 'numeric', 0),
(3, 'string', 0),
(4, 'text', 1),
(5, 'location', 0),
(6, 'public', 0),
(7, 'role', 0),
(8, 'seek', 0),
(9, 'template', 0),
(10, 'icon', 0),
(11, 'event', 0),
(12, 'callable', 0);

INSERT IGNORE INTO control (control_id, config_id, event_id, class, title, self) VALUES
(1, 31, 85, 'cult\control\Setting', '{"ru": "Вывод ссылки на список параметров текущей локации", "en": "Display a link to the list of parameters of the current location", "it": "Visualizzare un collegamento all''elenco dei parametri della posizione corrente"}', 0);

INSERT IGNORE INTO delegate (delegate_id, class, title) VALUES
(1, 'cult\\delegate\\Captcha', 'Каптча'),
(2, 'cult\\delegate\\EventSelector', 'AJAX селектор событий для локации');

INSERT IGNORE INTO `group` (group_id, code, title, users_limit, need_email, need_phone, status) VALUES
(1, 'AAA', '{"ru": "Администратор домена", "en": "Domain administrator", "it": "Amministratore del dominio"}', 1, 1, 0, 6),
(2, 'AAB', '{"ru": "Разработчики", "en": "Developers", "it": "Sviluppatori"}', 0, 1, 0, 6),
(3, 'AAC', '{"ru": "Проектировщики схемы", "en": "Schema designers", "it": "Schema di progettisti"}', 1, 1, 0, 6),
(4, 'AAD', '{"ru": "Проектировщики ролевого доступа", "en": "RBAC designers", "it": "I progettisti di accesso basato sui ruoli"}', 1, 1, 0, 6),
(5, 'AAE', '{"ru": "Администраторы", "en": "Administrators", "it": "Amministratori"}', 1, 1, 0, 4),
(6, 'AAF', '{"ru": "Издатели", "en": "Publishers", "it": "Editori"}', 1, 1, 0, 4),
(7, 'AAG', '{"ru": "Редакторы", "en": "Editors", "it": "Redattori"}', 0, 1, 0, 4),
(8, 'AAH', '{"ru": "Пользователи", "en": "Users", "it": "Utenti"}', 0, 1, 0, 14),
(9, 'AAI', '{"ru": "Посетители", "en": "Visitors", "it": "Visitatori"}', 0, 0, 0, 6),
(10, 'PRM', '{"ru": "Модераторы", "en": "Moderators", "it": "Moderatori"}', 0, 1, 0, 4),
(11, 'CKB', '{"ru": "Журналисты", "en": "Columnists", "it": "Giornalisti"}', 0, 1, 0, 4),
(12, 'ADA', '{"ru": "Руководители", "en": "Chiefs", "it": "Capo"}', 0, 1, 0, 4),
(13, 'ADB', '{"ru": "Менеджеры", "en": "Managers", "it": "Gestori"}', 0, 1, 0, 4),
(14, 'ADC', '{"ru": "Кассиры", "en": "Paymasters", "it": "Cassieri"}', 0, 1, 0, 4),
(15, 'ADD', '{"ru": "Клиенты", "en": "Principals", "it": "Clienti"}', 0, 1, 0, 4),
(16, 'ADE', '{"ru": "Агенты", "en": "Agents", "it": "Agenti"}', 0, 1, 0, 4),
(17, 'DFG', '{"ru": "Комментаторы", "en": "Commentators", "it": "Commentatori"}', 0, 0, 0, 12);

INSERT IGNORE INTO icon (icon_id, name) VALUES
(1, 'asterisk'),
(2, 'plus'),
(3, 'euro'),
(4, 'eur'),
(5, 'minus'),
(6, 'cloud'),
(7, 'envelope'),
(8, 'pencil'),
(9, 'glass'),
(10, 'music'),
(11, 'search'),
(12, 'heart'),
(13, 'star'),
(14, 'star-empty'),
(15, 'user'),
(16, 'film'),
(17, 'th-large'),
(18, 'th'),
(19, 'th-list'),
(20, 'ok'),
(21, 'remove'),
(22, 'zoom-in'),
(23, 'zoom-out'),
(24, 'off'),
(25, 'signal'),
(26, 'cog'),
(27, 'trash'),
(28, 'home'),
(29, 'file'),
(30, 'time'),
(31, 'road'),
(32, 'download-alt'),
(33, 'download'),
(34, 'upload'),
(35, 'inbox'),
(36, 'play-circle'),
(37, 'repeat'),
(38, 'refresh'),
(39, 'list-alt'),
(40, 'lock'),
(41, 'flag'),
(42, 'headphones'),
(43, 'volume-off'),
(44, 'volume-down'),
(45, 'volume-up'),
(46, 'qrcode'),
(47, 'barcode'),
(48, 'tag'),
(49, 'tags'),
(50, 'book'),
(51, 'bookmark'),
(52, 'print'),
(53, 'camera'),
(54, 'font'),
(55, 'bold'),
(56, 'italic'),
(57, 'text-height'),
(58, 'text-width'),
(59, 'align-left'),
(60, 'align-center'),
(61, 'align-right'),
(62, 'align-justify'),
(63, 'list'),
(64, 'indent-left'),
(65, 'indent-right'),
(66, 'facetime-video'),
(67, 'picture'),
(68, 'map-marker'),
(69, 'adjust'),
(70, 'tint'),
(71, 'edit'),
(72, 'share'),
(73, 'check'),
(74, 'move'),
(75, 'step-backward'),
(76, 'fast-backward'),
(77, 'backward'),
(78, 'play'),
(79, 'pause'),
(80, 'stop'),
(81, 'forward'),
(82, 'fast-forward'),
(83, 'step-forward'),
(84, 'eject'),
(85, 'chevron-left'),
(86, 'chevron-right'),
(87, 'plus-sign'),
(88, 'minus-sign'),
(89, 'remove-sign'),
(90, 'ok-sign'),
(91, 'question-sign'),
(92, 'info-sign'),
(93, 'screenshot'),
(94, 'remove-circle'),
(95, 'ok-circle'),
(96, 'ban-circle'),
(97, 'arrow-left'),
(98, 'arrow-right'),
(99, 'arrow-up'),
(100, 'arrow-down'),
(101, 'share-alt'),
(102, 'resize-full'),
(103, 'resize-small'),
(104, 'exclamation-sign'),
(105, 'gift'),
(106, 'leaf'),
(107, 'fire'),
(108, 'eye-open'),
(109, 'eye-close'),
(110, 'warning-sign'),
(111, 'plane'),
(112, 'calendar'),
(113, 'random'),
(114, 'comment'),
(115, 'magnet'),
(116, 'chevron-up'),
(117, 'chevron-down'),
(118, 'retweet'),
(119, 'shopping-cart'),
(120, 'folder-close'),
(121, 'folder-open'),
(122, 'resize-vertical'),
(123, 'resize-horizontal'),
(124, 'hdd'),
(125, 'bullhorn'),
(126, 'bell'),
(127, 'certificate'),
(128, 'thumbs-up'),
(129, 'thumbs-down'),
(130, 'hand-right'),
(131, 'hand-left'),
(132, 'hand-up'),
(133, 'hand-down'),
(134, 'circle-arrow-right'),
(135, 'circle-arrow-left'),
(136, 'circle-arrow-up'),
(137, 'circle-arrow-down'),
(138, 'globe'),
(139, 'wrench'),
(140, 'tasks'),
(141, 'filter'),
(142, 'briefcase'),
(143, 'fullscreen'),
(144, 'dashboard'),
(145, 'paperclip'),
(146, 'heart-empty'),
(147, 'link'),
(148, 'phone'),
(149, 'pushpin'),
(150, 'usd'),
(151, 'gbp'),
(152, 'sort'),
(153, 'sort-by-alphabet'),
(154, 'sort-by-alphabet-alt'),
(155, 'sort-by-order'),
(156, 'sort-by-order-alt'),
(157, 'sort-by-attributes'),
(158, 'sort-by-attributes-alt'),
(159, 'unchecked'),
(160, 'expand'),
(161, 'collapse-down'),
(162, 'collapse-up'),
(163, 'log-in'),
(164, 'flash'),
(165, 'log-out'),
(166, 'new-window'),
(167, 'record'),
(168, 'save'),
(169, 'open'),
(170, 'saved'),
(171, 'import'),
(172, 'export'),
(173, 'send'),
(174, 'floppy-disk'),
(175, 'floppy-saved'),
(176, 'floppy-remove'),
(177, 'floppy-save'),
(178, 'floppy-open'),
(179, 'credit-card'),
(180, 'transfer'),
(181, 'cutlery'),
(182, 'header'),
(183, 'compressed'),
(184, 'earphone'),
(185, 'phone-alt'),
(186, 'tower'),
(187, 'stats'),
(188, 'sd-video'),
(189, 'hd-video'),
(190, 'subtitles'),
(191, 'sound-stereo'),
(192, 'sound-dolby'),
(193, 'sound-5-1'),
(194, 'sound-6-1'),
(195, 'sound-7-1'),
(196, 'copyright-mark'),
(197, 'registration-mark'),
(198, 'cloud-download'),
(199, 'cloud-upload'),
(200, 'tree-conifer'),
(201, 'tree-deciduous'),
(202, 'cd'),
(203, 'save-file'),
(204, 'open-file'),
(205, 'level-up'),
(206, 'copy'),
(207, 'paste'),
(208, 'alert'),
(209, 'equalizer'),
(210, 'king'),
(211, 'queen'),
(212, 'pawn'),
(213, 'bishop'),
(214, 'knight'),
(215, 'baby-formula'),
(216, 'tent'),
(217, 'blackboard'),
(218, 'bed'),
(219, 'apple'),
(220, 'erase'),
(221, 'hourglass'),
(222, 'lamp'),
(223, 'duplicate'),
(224, 'piggy-bank'),
(225, 'scissors'),
(226, 'bitcoin'),
(227, 'btc'),
(228, 'xbt'),
(229, 'yen'),
(230, 'jpy'),
(231, 'ruble'),
(232, 'rub'),
(233, 'scale'),
(234, 'ice-lolly'),
(235, 'ice-lolly-tasted'),
(236, 'education'),
(237, 'option-horizontal'),
(238, 'option-vertical'),
(239, 'menu-hamburger'),
(240, 'modal-window'),
(241, 'oil'),
(242, 'grain'),
(243, 'sunglasses'),
(244, 'text-size'),
(245, 'text-color'),
(246, 'text-background'),
(247, 'object-align-top'),
(248, 'object-align-bottom'),
(249, 'object-align-horizontal'),
(250, 'object-align-left'),
(251, 'object-align-vertical'),
(252, 'object-align-right'),
(253, 'triangle-right'),
(254, 'triangle-left'),
(255, 'triangle-bottom'),
(256, 'triangle-top'),
(257, 'console'),
(258, 'superscript'),
(259, 'subscript'),
(260, 'menu-left'),
(261, 'menu-right'),
(262, 'menu-down'),
(263, 'menu-up');

INSERT IGNORE INTO markup_class (class_id, class, title) VALUES
(1, 'Menu', '{"ru": "Стандартное многоуровневое меню"}'),
(2, 'Pager', '{"ru": "Меню для постраничной навигации"}'),
(3, 'Table', '{"ru": "Стандартная таблица"}'),
(4, 'Text', '{"ru": "Стандартный текст"}'),
(5, 'Showcase', '{"ru": "Витрина изображений"}'),
(6, 'Poster', '{"ru": "Стандартный анонс"}'),
(7, 'FieldsetForm', '{"ru": "Вертикальная форма"}'),
(8, 'InlineForm', '{"ru": "Горизонтальная форма"}'),
(9, 'ResponsiveMenu', '{"ru": "Адаптивное меню"}');

INSERT IGNORE INTO markup (markup_id, class_id, markup, title) VALUES
(1, 1, 'Menu', '{"ru": "Вложенное меню"}'),
(2, 1, 'MainMenu', '{"ru": "Верхнее главное меню"}'),
(3, 1, 'TopMenu', '{"ru": "Верхнее меню"}'),
(4, 1, 'SystemMenu', '{"ru": "Верхнее системное меню"}'),
(5, 1, 'UserMenu', '{"ru": "Верхнее меню пользователя"}'),
(6, 1, 'ControlMenu', '{"ru": "Боковое меню управления"}'),
(7, 1, 'TopControlMenu', '{"ru": "Верхнее меню управления"}'),
(8, 1, 'PageMenu', '{"ru": "Главное боковое меню"}'),
(9, 1, 'ExtraMenu', '{"ru": "Дополнительное боковое меню"}'),
(10, 1, 'AuthMenu', '{"ru": "Меню авторизации"}'),
(11, 2, 'Pager', '{"ru": "Меню постраничной навигации"}'),
(12, 3, 'Table', '{"ru": "Простая таблица"}'),
(13, 3, 'DataGrid', '{"ru": "Сложная таблица"}'),
(14, 4, 'Text', '{"ru": "Основной текст"}'),
(15, 4, 'TopText', '{"ru": "Текст над основным содержимым"}'),
(16, 4, 'BottomText', '{"ru": "Текст под основным содержимым"}'),
(17, 5, 'Showcase', '{"ru": "Витрина"}'),
(18, 6, 'Bill', '{"ru": "Постер"}'),
(19, 8, 'SelectForm', '{"ru": "Поисковая форма"}'),
(20, 9, 'ResponsiveBar', '{"ru": "Адаптивное меню на верхней панели"}'),
(21, 9, 'ResponsiveControl', '{"ru": "Адаптивное меню вместо бокового меню управления"}'),
(22, 9, 'ResponsivePage', '{"ru": "Адаптивное меню вместо главного бокового меню"}'),
(23, 8, 'SeekForm', '{"ru": "Поисковая форма"}'),
(24, 1, 'ListMenu', '{"ru": "Боковое меню в виде раскрытого списка"}');

INSERT IGNORE INTO menu (menu_id, code, title, markup_id, active, status) VALUES
(1, 'MAA', '{"ru": "Меню авторизации", "en": "Authorization menu", "it": "Menù di autorizzazione"}', 10, 1, 0),
(2, 'MAB', '{"ru": "Главное меню системы", "en": "System main menu", "it": "Menu principale di sistema"}', 4, 1, 1),
(3, 'MAC', '{"ru": "Главное меню сайта", "en": "Main menu", "it": "Menu principale"}', 2, 1, 1),
(4, 'SAA', '{"ru": "Подменю настройки системы", "en": "Submenu for system tuning", "it": "Sottomenu per la sintonizzazione del sistema"}', 1, 1, 0),
(5, 'SAB', '{"ru": "Подменю проектирования", "en": "Submenu of designing", "it": "Sottomenu di progettazione"}', 8, 1, 0),
(6, 'SAC', '{"ru": "Подменю управления схемой", "en": "Submenu of schema", "it": "Sottomenu dello schema"}', 8, 1, 0),
(7, 'SAD', '{"ru": "Подменю администрирования", "en": "Submenu of administration", "it": "Sottomenu dell''amministrazione"}', 8, 1, 0),
(8, 'SAE', '{"ru": "Подменю RBAC", "en": "Submenu of RBAC", "it": "Sottomenu di RBAC"}', 8, 1, 0),
(9, 'SAF', '{"ru": "Подменю управления навигацией", "en": "Submenu of navigation", "it": "Sottomenu di navigazione"}', 8, 1, 0),
(10, 'MAD', '{"ru": "Меню пользователей", "en": "Users menu", "it": "Menu degli utenti"}', 5, 1, 1),
(11, 'SAG', '{"ru": "Подменю управления авторизацией и регистрацией", "en": "Submenu of authorization and registration magement", "it": "Sottomenu della gestione dell''autorizzazione e della registrazione"}', 1, 1, 0),
(12, 'SAH', '{"ru": "Подменю инсталляции", "en": "Submenu of installation", "it": "Sottomenu dell''installazione"}', 1, 1, 0),
(13, 'SAI', '{"ru": "Подменю авторизованных пользователей", "en": "Submenu authorized users", "it": "Sottomenu utenti autorizzati"}', 1, 0, 0),
(14, 'MAE', '{"ru": "Верхнее меню", "en": "Top menu", "it": "Menu in alto"}', 3, 1, 1);

INSERT IGNORE INTO menu_responsive (menu_id, for_id, markup_id, source, icon, side, displace) VALUES
(1, 3, 20, 'topmenu', 'tasks', 1, 0),
(2, 4, 20, 'sysmenu', 'cog', 1, 0),
(3, 5, 20, 'usermenu', 'user', 1, 0),
(4, 6, 21, 'ctrlmenu', 'flash', 1, 1),
(5, 8, 20, 'pagemenu', 'menu-hamburger', 0, 0),
(6, 19, 20, 'seekform', 'search', 1, 0),
(7, 9, 20, 'extramenu', 'menu-hamburger', 1, 0),
(8, 24, 20, 'listmenu', 'menu-hamburger', 0, 0);

INSERT IGNORE INTO reference (reference_id, code, locate_id, event_id, value, url, text, active, title, status) VALUES
(1, 'RAA', 19, NULL, '', '', '{"ru": "Войти", "en": "Login", "it": "Accesso"}', '{"ru": "Вход", "en": "Login", "it": "Accesso"}', '{"ru": "Войдите в свой аккаунт", "en": "Login to your account", "it": "Accedi al tuo account"}', 0),
(2, 'RAB', 19, 89, 'cult\project\Access::V_RECOVERY', '', '{"ru": "Забыли пароль?", "en": "Forgot your password?", "it": "Hai dimenticato la password?"}', '{"ru": "Восстановление пароля", "en": "Password recovery", "it": "Reimpostazione della password"}', '{"ru": "Восстановление пароля", "en": "Password recovery", "it": "Reimpostazione della password"}', 0),
(3, 'RAC', 1, NULL, '', '', '{"ru": "Инсталляция", "en": "Install", "it": "Installazione"}', '{"ru": "Инсталляция", "en": "Install", "it": "Installazione"}', '{"ru": "Инсталляция системы", "en": "Installation of the System", "it": "Installazione del Sistema"}', 0),
(4, 'RAD', 2, NULL, '', '', '{"ru": "Система", "en": "System", "it": "Sistema"}', '{"ru": "Система", "en": "System", "it": "Sistema"}', '{"ru": "Параметры Системы", "en": "System Options", "it": "Impostazioni di Sistema"}', 0),
(5, 'RAE', 6, NULL, '', '', '{"ru": "Проекты", "en": "Projects", "it": "Progetti"}', '{"ru": "Проекты", "en": "Projects", "it": "Progetti"}', '{"ru": "Проекты", "en": "Projects", "it": "Progetti"}', 0),
(6, 'RAF', 20, NULL, '', '', '{"ru": "Роли", "en": "Roles", "it": "Ruolo"}', '{"ru": "Роли", "en": "Roles", "it": "Ruolo"}', '{"ru": "Роли", "en": "Roles", "it": "Ruolo"}', 0),
(7, 'RAG', 7, NULL, '', '', '{"ru": "Схема", "en": "Schema", "it": "Schema"}', '{"ru": "Схема", "en": "Schema", "it": "Schema"}', '{"ru": "Схема", "en": "Schema", "it": "Schema"}', 0),
(8, 'RAH', 21, NULL, '', '', '{"ru": "Группы", "en": "Groups", "it": "Gruppi"}', '{"ru": "Группы", "en": "Groups", "it": "Gruppi"}', '{"ru": "Группы", "en": "Groups", "it": "Gruppi"}', 0),
(9, 'RAI', 22, NULL, '', '', '{"ru": "Пользователи", "en": "Users", "it": "Utenti"}', '{"ru": "Пользователи", "en": "Users", "it": "Utenti"}', '{"ru": "Пользователи", "en": "Users", "it": "Utenti"}', 0),
(10, 'RAJ', 23, NULL, '', '', '{"ru": "Профиль", "en": "Profile", "it": "Profilo"}', '{"ru": "Профиль", "en": "Profile", "it": "Profilo"}', '{"ru": "Профиль", "en": "Profile", "it": "Profilo"}', 0),
(11, 'RAM', 19, 90, 'cult\project\Access::V_REGISTER', '', '{"ru": "Зарегистрироваться", "en": "Registration", "it": "Registrazione"}', '{"ru": "Регистрация", "en": "Registration", "it": "Registrazione"}', '{"ru": "Регистрация нового пользователя", "en": "New user registration", "it": "Registrazione Nuovo Utente"}', 0),
(12, 'RAN', 8, NULL, '', '', '{"ru": "Навигация", "en": "Navigation", "it": "Navigazione"}', '{"ru": "Навигация", "en": "Navigation", "it": "Navigazione"}', '{"ru": "Навигация", "en": "Navigation", "it": "Navigazione"}', 0),
(13, 'RAO', 9, NULL, '', '', '{"ru": "Компоненты", "en": "Components", "it": "Componenti"}', '{"ru": "Компоненты", "en": "Components", "it": "Componenti"}', '{"ru": "Компоненты", "en": "Components", "it": "Componenti"}', 0),
(14, 'RAP', 10, NULL, '', '', '{"ru": "Плагины", "en": "Plugins", "it": "Plugin"}', '{"ru": "Плагины", "en": "Plugins", "it": "Plugin"}', '{"ru": "Плагины", "en": "Plugins", "it": "Plugin"}', 0),
(15, 'RAQ', 11, NULL, '', '', '{"ru": "Модификации", "en": "Modifications", "it": "Modifiche"}', '{"ru": "Модификации", "en": "Modifications", "it": "Modifiche"}', '{"ru": "Модификации проектов", "en": "Modifications of projects", "it": "Modifiche progettuali"}', 0),
(16, 'RAR', 12, NULL, '', '', '{"ru": "Подключить плагины", "en": "Add on", "it": "Aggiungi su"}', '{"ru": "Подключить плагины", "en": "Add on", "it": "Aggiungi su"}', '{"ru": "Подключить плагины", "en": "Add on", "it": "Aggiungi su"}', 0),
(17, 'RAS', 13, NULL, '', '', '{"ru": "Представления", "en": "Views of controls", "it": "Viste dei controlli"}', '{"ru": "Представления", "en": "Views of controls", "it": "Viste dei controlli"}', '{"ru": "Представления", "en": "Views of controls", "it": "Viste dei controlli"}', 0),
(18, 'RAT', 14, NULL, '', '', '{"ru": "Конфигуратор", "en": "Configurator", "it": "Configuratore"}', '{"ru": "Конфигуратор", "en": "Configurator", "it": "Configuratore"}', '{"ru": "Управление шаблонами конфигурации", "en": "Managing configuration templates", "it": "Gestione dei modelli di configurazione"}', 0),
(19, 'RAU', 24, NULL, '', '', '{"ru": "Карта доступа", "en": "Access map", "it": "Mappa di accesso"}', '{"ru": "Карта доступа", "en": "Access map", "it": "Mappa di accesso"}', '{"ru": "Карта доступа", "en": "Access map", "it": "Mappa di accesso"}', 0),
(20, 'RAV', 25, NULL, '', '', '{"ru": "Матрица доступа", "en": "Access matrix", "it": "Matrice di accesso"}', '{"ru": "Матрица доступа", "en": "Access matrix", "it": "Matrice di accesso"}', '{"ru": "Матрица доступа", "en": "Access matrix", "it": "Matrice di accesso"}', 0),
(21, 'RAW', 26, NULL, '', '', '{"ru": "Разрешения плагина", "en": "Plugin permitions", "it": "Permessi di plugin"}', '{"ru": "Разрешения плагина", "en": "Plugin permitions", "it": "Permessi di plugin"}', '{"ru": "Разрешения плагина", "en": "Plugin permitions", "it": "Permessi di plugin"}', 0),
(22, 'RAX', 15, NULL, '', '', '{"ru": "Ссылки", "en": "References", "it": "Riferimenti"}', '{"ru": "Ссылки", "en": "References", "it": "Riferimenti"}', '{"ru": "Ссылки", "en": "References", "it": "Riferimenti"}', 0),
(23, 'RAY', 16, NULL, '', '', '{"ru": "Меню", "en": "Menu", "it": "Menu"}', '{"ru": "Меню", "en": "Menu", "it": "Menu"}', '{"ru": "Меню", "en": "Menu", "it": "Menu"}', 0),
(24, 'RAZ', 23, NULL, '', '', '{"ru": "{%USER}", "en": "{%USER}", "it": "{%USER}"}', '{"ru": "{%USER}", "en": "{%USER}", "it": "{%USER}"}', '{"ru": "Профиль", "en": "Profile", "it": "Profilo"}', 0),
(25, 'RBB', 4, NULL, '', '', '{"ru": "Ошибки", "en": "Errors", "it": "Errori"}', '{"ru": "Ошибки", "en": "Errors", "it": "Errori"}', '{"ru": "Ошибки", "en": "Errors", "it": "Errori"}', 0),
(26, 'RBC', 5, NULL, '', '', '{"ru": "Кеширование", "en": "Caching", "it": "Caching"}', '{"ru": "Кеширование", "en": "Caching", "it": "Caching"}', '{"ru": "Кеширование", "en": "Caching", "it": "Caching"}', 0),
(27, 'RBD', 17, NULL, '', '', '{"ru": "Интерфейс", "en": "Interface", "it": "Interfaccia"}', '{"ru": "Интерфейс", "en": "Interface", "it": "Interfaccia"}', '{"ru": "Интерфейс", "en": "Interface", "it": "Interfaccia"}', 0),
(28, 'RBE', 18, NULL, '', '', '{"ru": "Настройки локаций", "en": "Location settings", "it": "Impostazioni di posizione"}', '{"ru": "Настройки локаций", "en": "Location settings", "it": "Impostazioni di posizione"}', '{"ru": "Настройки локаций", "en": "Location settings", "it": "Impostazioni di posizione"}', 0),
(29, 'RBF', 1, 1, '', '', '{"ru": "Новая база", "en": "New database", "it": "Nuovo database"}', '{"ru": "Новая база", "en": "New database", "it": "Nuovo database"}', '{"ru": "Новая база", "en": "New database", "it": "Nuovo database"}', 0),
(30, 'RBG', 1, 2, '', '', '{"ru": "Очистить базу", "en": "Drop database", "it": "Database di rilascio"}', '{"ru": "Очистить базу", "en": "Drop database", "it": "Database di rilascio"}', '{"ru": "Очистить базу", "en": "Drop database", "it": "Database di rilascio"}', 0),
(31, 'RBH', 2, 5, '', '', '{"ru": "Настроить сайт", "en": "Customize website", "it": "Personalizza sito web"}', '{"ru": "Настроить сайт", "en": "Customize website", "it": "Personalizza sito web"}', '{"ru": "Настроить сайт", "en": "Customize website", "it": "Personalizza sito web"}', 0),
(32, 'RBI', 6, 16, '', '', '{"ru": "Новый проект", "en": "New project", "it": "Nuovo progetto"}', '{"ru": "Новый проект", "en": "New project", "it": "Nuovo progetto"}', '{"ru": "Новый проект", "en": "New project", "it": "Nuovo progetto"}', 0),
(33, 'RBJ', 20, 91, '', '', '{"ru": "Добавить роль", "en": "Add role", "it": "Aggiungi ruolo"}', '{"ru": "Добавить роль", "en": "Add role", "it": "Aggiungi ruolo"}', '{"ru": "Добавить роль", "en": "Add role", "it": "Aggiungi ruolo"}', 0),
(34, 'RBK', 7, 24, '', '', '{"ru": "Добавить схему", "en": "Add application", "it": "Aggiungi applicazione"}', '{"ru": "Добавить схему", "en": "Add application", "it": "Aggiungi applicazione"}', '{"ru": "Добавить схему", "en": "Add application", "it": "Aggiungi applicazione"}', 0),
(35, 'RBL', 7, 28, '', '', '{"ru": "Все локации", "en": "Locations", "it": "Sedi"}', '{"ru": "Все локации", "en": "Locations", "it": "Sedi"}', '{"ru": "Все локации", "en": "Locations", "it": "Sedi"}', 0),
(36, 'RBM', 7, 32, '', '', '{"ru": "Сохранить сайт", "en": "Save site", "it": "Salva il sito"}', '{"ru": "Сохранить сайт", "en": "Save site", "it": "Salva il sito"}', '{"ru": "Сохранить сайт", "en": "Save site", "it": "Salva il sito"}', 0),
(37, 'RBN', 25, 116, '', '', '{"ru": "Роли и привилегии", "en": "Roles and privileges", "it": "Ruoli e privilegi"}', '{"ru": "Роли и привилегии", "en": "Roles and privileges", "it": "Ruoli e privilegi"}', '{"ru": "Роли и привилегии", "en": "Roles and privileges", "it": "Ruoli e privilegi"}', 0),
(38, 'RBO', 9, 36, '', '', '{"ru": "Новый компонент", "en": "Add component", "it": "Aggiungi componente"}', '{"ru": "Новый компонент", "en": "Add component", "it": "Aggiungi componente"}', '{"ru": "Новый компонент", "en": "Add component", "it": "Aggiungi componente"}', 0),
(39, 'RBP', 24, 113, '', '', '{"ru": "Роли и локации", "en": "Roles with locations", "it": "Ruoli con posizioni"}', '{"ru": "Роли и локации", "en": "Roles with locations", "it": "Ruoli con posizioni"}', '{"ru": "Роли и локации", "en": "Roles with locations", "it": "Ruoli con posizioni"}', 0),
(40, 'RBQ', 15, 67, '', '', '{"ru": "Добавить ссылку", "en": "Add link", "it": "Aggiungi link"}', '{"ru": "Добавить ссылку", "en": "Add link", "it": "Aggiungi link"}', '{"ru": "Добавить ссылку", "en": "Add link", "it": "Aggiungi link"}', 0),
(41, 'RBR', 1, 3, '', '', '{"ru": "Добавить сайт", "en": "Add Site", "it": "Aggiungi sito"}', '{"ru": "Добавить сайт", "en": "Add Site", "it": "Aggiungi sito"}', '{"ru": "Добавить сайт", "en": "Add Site", "it": "Aggiungi sito"}', 0),
(42, 'RBS', 19, 88, 'cult\project\Access::V_DEVICE', '', '{"ru": "Выйти", "en": "Sign Out", "it": "Uscita"}', '{"ru": "Выйти", "en": "Sign Out", "it": "Uscita"}', '{"ru": "Выйти", "en": "Sign Out", "it": "Uscita"}', 0),
(43, 'RBT', 19, 88, 'cult\project\Access::V_ALL', '', '{"ru": "Выйти на всех устройствах", "en": "Sign out on all devices", "it": "Esci su tutti i dispositivi"}', '{"ru": "Выйти на всех устройствах", "en": "Sign out on all devices", "it": "Esci su tutti i dispositivi"}', '{"ru": "Выйти на всех устройствах", "en": "Sign out on all devices", "it": "Esci su tutti i dispositivi"}', 0);

INSERT IGNORE INTO menuitem (item_id, menu_id, submenu_id, reference_id, role_id, serial, active, icon, `empty`, follow, blank, status) VALUES
(1, 1, NULL, 2, NULL, 5, 1, 'c-crimson', 0, 0, 0, 0),
(2, 1, NULL, 11, 2, 3, 1, 'c-olive', 0, 0, 0, 0),
(3, 2, 4, 4, NULL, 50, 1, '', 0, 0, 0, 0),
(4, 2, 7, 9, NULL, 70, 1, '', 0, 0, 0, 0),
(5, 4, NULL, 25, NULL, 20, 1, '', 0, 0, 0, 0),
(6, 4, NULL, 27, NULL, 40, 1, '', 0, 0, 0, 0),
(7, 4, NULL, 28, NULL, 10, 1, '', 0, 0, 0, 0),
(8, 4, NULL, 26, NULL, 30, 1, '', 0, 0, 0, 0),
(9, 4, 12, 3, NULL, 15, 1, '', 0, 0, 0, 0),
(10, 4, 9, 12, NULL, 13, 1, '', 0, 0, 0, 0),
(11, 4, 6, 7, NULL, 12, 1, '', 0, 0, 0, 0),
(12, 4, 5, 5, NULL, 11, 1, '', 0, 0, 0, 0),
(13, 4, NULL, 31, NULL, 5, 1, '', 0, 0, 0, 0),
(14, 5, NULL, 15, NULL, 40, 1, '', 0, 0, 0, 0),
(15, 5, NULL, 14, NULL, 50, 1, '', 0, 0, 0, 0),
(16, 5, NULL, 32, NULL, 10, 1, '', 0, 0, 0, 0),
(17, 5, NULL, 38, NULL, 30, 1, '', 0, 0, 0, 0),
(18, 5, NULL, 13, NULL, 20, 1, '', 0, 0, 0, 0),
(19, 6, NULL, 16, NULL, 110, 1, '', 0, 0, 0, 0),
(20, 6, NULL, 34, NULL, 100, 1, '', 0, 0, 0, 0),
(21, 6, NULL, 18, NULL, 70, 1, '', 0, 0, 0, 0),
(22, 6, NULL, 35, NULL, 50, 1, '', 0, 0, 0, 0),
(23, 6, NULL, 36, NULL, 130, 1, '', 0, 0, 0, 0),
(24, 6, NULL, 17, NULL, 90, 1, '', 0, 0, 0, 0),
(25, 7, NULL, 8, NULL, 50, 1, '', 0, 0, 0, 0),
(26, 7, 11, 1, 9, 110, 1, '', 0, 0, 0, 0),
(27, 7, 8, 6, NULL, 30, 1, '', 0, 0, 0, 0),
(28, 8, NULL, 39, NULL, 40, 1, '', 0, 0, 0, 0),
(29, 8, NULL, 33, NULL, 20, 1, '', 0, 0, 0, 0),
(30, 8, NULL, 37, NULL, 100, 1, '', 0, 0, 0, 0),
(31, 8, NULL, 21, NULL, 70, 1, '', 0, 0, 0, 0),
(32, 8, NULL, 20, NULL, 90, 1, '', 0, 0, 0, 0),
(33, 8, NULL, 19, NULL, 30, 1, '', 0, 0, 0, 0),
(34, 9, NULL, 22, NULL, 30, 1, '', 0, 0, 0, 0),
(35, 9, NULL, 40, NULL, 40, 1, '', 0, 0, 0, 0),
(36, 9, NULL, 23, NULL, 50, 1, '', 0, 0, 0, 0),
(37, 10, NULL, 1, 2, 30, 1, '', 0, 0, 0, 1),
(38, 10, 13, 24, 3, 50, 1, '', 0, 0, 0, 0),
(39, 11, NULL, 2, NULL, 11, 1, '', 0, 0, 0, 0),
(40, 11, NULL, 11, 2, 12, 1, '', 0, 0, 0, 0),
(41, 12, NULL, 41, NULL, 1, 1, '', 0, 0, 0, 0),
(42, 12, NULL, 29, NULL, 2, 1, '', 0, 0, 0, 0),
(43, 12, NULL, 30, NULL, 3, 1, '', 0, 0, 0, 0),
(44, 13, NULL, 42, NULL, 21, 1, '', 0, 0, 0, 0),
(45, 13, NULL, 43, NULL, 22, 1, '', 0, 0, 0, 0);

INSERT IGNORE INTO navigate (locate_id, menu_id) VALUES
(1, 2),
(1, 3),
(1, 10),
(1, 14),
(2, 2),
(2, 3),
(2, 10),
(2, 14),
(3, 2),
(3, 3),
(3, 10),
(3, 14),
(4, 2),
(4, 3),
(4, 10),
(4, 14),
(5, 2),
(5, 3),
(5, 5),
(5, 10),
(5, 14),
(6, 2),
(6, 3),
(6, 5),
(6, 8),
(6, 10),
(6, 14),
(7, 2),
(7, 3),
(7, 6),
(7, 10),
(7, 14),
(8, 2),
(8, 3),
(8, 9),
(8, 10),
(8, 14),
(9, 2),
(9, 3),
(9, 7),
(9, 10),
(9, 14),
(10, 2),
(10, 3),
(10, 10),
(10, 14),
(11, 2),
(11, 3),
(11, 10),
(11, 14),
(12, 2),
(12, 3),
(12, 10),
(12, 14),
(13, 2),
(13, 3),
(13, 10),
(13, 14),
(14, 2),
(14, 3),
(14, 10),
(14, 14),
(15, 2),
(15, 3),
(15, 9),
(15, 10),
(15, 14),
(16, 2),
(16, 3),
(16, 10),
(16, 14),
(17, 2),
(17, 3),
(17, 10),
(17, 14),
(18, 2),
(18, 3),
(18, 10),
(18, 14),
(19, 1),
(19, 2),
(19, 3),
(19, 10),
(19, 14),
(20, 2),
(20, 3),
(20, 8),
(20, 10),
(20, 14),
(21, 2),
(21, 3),
(21, 10),
(21, 14),
(22, 2),
(22, 3),
(22, 7),
(22, 10),
(22, 14),
(23, 2),
(23, 3),
(23, 10),
(23, 14),
(24, 2),
(24, 3),
(24, 10),
(24, 14),
(25, 2),
(25, 3),
(25, 10),
(25, 14),
(26, 2),
(26, 3),
(26, 10),
(26, 14);

INSERT IGNORE INTO permit (group_id, role_id) VALUES
(1, 1),
(1, 3),
(1, 4),
(1, 5),
(1, 6),
(1, 7),
(1, 8),
(1, 11),
(1, 12),
(1, 13),
(1, 14),
(1, 15),
(1, 16),
(1, 17),
(1, 18),
(1, 19),
(1, 20),
(2, 1),
(2, 2),
(2, 3),
(2, 4),
(2, 5),
(2, 6),
(2, 7),
(2, 8),
(2, 9),
(2, 10),
(2, 11),
(2, 12),
(2, 13),
(2, 14),
(2, 15),
(2, 16),
(2, 17),
(2, 18),
(2, 19),
(2, 20),
(3, 1),
(3, 3),
(3, 4),
(3, 5),
(3, 9),
(3, 12),
(4, 1),
(4, 3),
(4, 4),
(4, 5),
(4, 10),
(5, 1),
(5, 3),
(5, 4),
(5, 5),
(5, 6),
(5, 11),
(5, 12),
(5, 14),
(5, 15),
(5, 16),
(5, 17),
(5, 20),
(6, 1),
(6, 3),
(6, 4),
(6, 6),
(6, 15),
(6, 16),
(6, 17),
(6, 18),
(6, 19),
(6, 20),
(7, 1),
(7, 3),
(7, 4),
(7, 6),
(7, 16),
(7, 17),
(7, 19),
(7, 20),
(8, 1),
(8, 3),
(8, 4),
(9, 1),
(9, 2),
(10, 1),
(10, 3),
(10, 4),
(10, 16),
(10, 20),
(11, 1),
(11, 3),
(11, 4),
(11, 19),
(12, 1),
(12, 3),
(12, 4),
(12, 6),
(12, 15),
(13, 1),
(13, 3),
(13, 4),
(13, 6),
(13, 15),
(13, 20),
(14, 1),
(14, 3),
(14, 4),
(15, 1),
(15, 3),
(15, 4),
(16, 1),
(16, 3),
(16, 4),
(17, 1),
(17, 3);

INSERT IGNORE INTO privilege (privilege_id, event_id, locate_id) VALUES
(1, 1, 1),
(2, 2, 1),
(3, 3, 1),
(4, 4, 1),
(5, 5, 2),
(6, 6, 2),
(7, 7, 2),
(8, 8, 3),
(9, 9, 5),
(10, 10, 5),
(11, 11, 5),
(12, 12, 5),
(13, 13, 5),
(14, 14, 5),
(15, 15, 6),
(16, 16, 6),
(17, 17, 6),
(18, 18, 6),
(19, 19, 6),
(20, 20, 6),
(21, 21, 6),
(22, 22, 6),
(23, 23, 6),
(24, 24, 7),
(25, 25, 7),
(26, 26, 7),
(27, 27, 7),
(28, 28, 7),
(29, 29, 7),
(30, 30, 7),
(31, 31, 7),
(32, 32, 7),
(33, 33, 7),
(34, 34, 8),
(35, 35, 8),
(36, 36, 9),
(37, 37, 9),
(38, 38, 9),
(39, 39, 9),
(40, 40, 9),
(41, 41, 9),
(42, 42, 9),
(43, 43, 9),
(44, 44, 9),
(45, 47, 10),
(46, 48, 10),
(47, 49, 10),
(48, 50, 10),
(49, 51, 11),
(50, 52, 11),
(51, 53, 12),
(52, 54, 12),
(53, 55, 12),
(54, 56, 12),
(55, 57, 12),
(56, 58, 12),
(57, 60, 12),
(58, 61, 12),
(59, 62, 13),
(60, 63, 13),
(61, 66, 14),
(62, 65, 14),
(63, 64, 14),
(64, 67, 15),
(65, 68, 15),
(66, 69, 15),
(67, 70, 16),
(68, 71, 16),
(69, 72, 16),
(70, 73, 16),
(71, 74, 16),
(72, 75, 16),
(73, 76, 16),
(74, 78, 17),
(75, 79, 17),
(76, 80, 17),
(77, 81, 17),
(78, 82, 17),
(79, 83, 18),
(80, 84, 18),
(81, 85, 18),
(82, 89, 19),
(83, 90, 19),
(84, 91, 20),
(85, 92, 20),
(86, 93, 20),
(87, 94, 20),
(88, 95, 20),
(89, 96, 20),
(90, 97, 21),
(91, 98, 21),
(92, 99, 21),
(93, 100, 21),
(94, 101, 21),
(95, 102, 21),
(96, 103, 21),
(97, 104, 21),
(98, 105, 22),
(99, 106, 22),
(100, 107, 22),
(101, 108, 22),
(102, 109, 22),
(103, 110, 23),
(104, 111, 24),
(105, 112, 24),
(106, 114, 25),
(107, 115, 25),
(108, 117, 26),
(109, 118, 26),
(110, 119, 1),
(111, 120, 16),
(112, 121, 16),
(113, 122, 16);


INSERT IGNORE INTO rule (role_id, privilege_id) VALUES
(2, 82),
(2, 83),
(3, 103),
(5, 14),
(5, 28),
(5, 31),
(5, 90),
(5, 91),
(5, 92),
(5, 93),
(5, 94),
(5, 97),
(5, 98),
(5, 99),
(5, 100),
(5, 101),
(5, 102),
(7, 3),
(7, 4),
(8, 8),
(8, 15),
(8, 16),
(8, 17),
(8, 18),
(8, 19),
(8, 20),
(8, 21),
(8, 22),
(8, 23),
(8, 26),
(8, 27),
(8, 30),
(8, 32),
(8, 33),
(8, 36),
(8, 37),
(8, 38),
(8, 39),
(8, 40),
(8, 41),
(8, 42),
(8, 43),
(8, 44),
(8, 45),
(8, 46),
(8, 47),
(8, 48),
(8, 49),
(8, 50),
(8, 61),
(8, 62),
(8, 63),
(8, 110),
(9, 24),
(9, 25),
(9, 29),
(9, 32),
(9, 34),
(9, 35),
(9, 51),
(9, 52),
(9, 53),
(9, 54),
(9, 55),
(9, 56),
(9, 57),
(9, 58),
(9, 59),
(9, 60),
(9, 64),
(9, 65),
(9, 66),
(9, 67),
(9, 68),
(9, 69),
(9, 70),
(9, 71),
(9, 72),
(9, 73),
(9, 111),
(9, 112),
(9, 113),
(10, 84),
(10, 85),
(10, 86),
(10, 87),
(10, 88),
(10, 89),
(11, 5),
(11, 7),
(11, 9),
(11, 10),
(11, 11),
(11, 12),
(11, 13),
(11, 74),
(11, 75),
(11, 76),
(11, 77),
(11, 78),
(11, 95),
(11, 96),
(12, 79),
(12, 80),
(12, 81),
(12, 104),
(12, 105),
(12, 106),
(12, 107),
(12, 108),
(12, 109),
(13, 1),
(13, 2),
(13, 6);

INSERT IGNORE INTO site_template (template_id, name, status) VALUES
(1, 'setup.htm', 1),
(2, 'auth1.htm', 1),
(3, 'auth2.htm', 1),
(4, 'auth3.htm', 1),
(5, 'auth4.htm', 1),
(21, 'page1.htm', 0),
(22, 'page2.htm', 0),
(23, 'page3.htm', 0),
(24, 'page4.htm', 0),
(25, 'page5.htm', 0),
(26, 'page6.htm', 0),
(27, 'page7.htm', 0),
(28, 'page8.htm', 0),
(29, 'page9.htm', 0),
(30, 'page10.htm', 0),
(31, 'page11.htm', 0),
(32, 'page12.htm', 0),
(33, 'page13.htm', 9),
(34, 'page14.htm', 9),
(35, 'page15.htm', 9),
(36, 'page16.htm', 9),
(37, 'page17.htm', 9),
(38, 'page18.htm', 9),
(39, 'page19.htm', 9),
(40, 'page20.htm', 9),
(61, 'post1.htm', 0),
(62, 'post2.htm', 0),
(63, 'post3.htm', 0),
(64, 'post4.htm', 0),
(65, 'post5.htm', 0),
(66, 'post6.htm', 0),
(67, 'post7.htm', 0),
(68, 'post8.htm', 0),
(69, 'post9.htm', 0),
(70, 'post10.htm', 0),
(71, 'post11.htm', 0),
(72, 'post12.htm', 0),
(73, 'post13.htm', 9),
(74, 'post14.htm', 9),
(75, 'post15.htm', 9),
(76, 'post16.htm', 9),
(77, 'post17.htm', 9),
(78, 'post18.htm', 9),
(79, 'post19.htm', 9),
(80, 'post20.htm', 9),
(101, 'solver.htm', 1);

INSERT IGNORE INTO view (control_id, target, locate_id, serial) VALUES
(1, 18, 1, 1),
(1, 18, 2, 1),
(1, 18, 3, 1),
(1, 18, 4, 1),
(1, 18, 5, 1),
(1, 18, 17, 1),
(1, 18, 6, 1),
(1, 18, 7, 1),
(1, 18, 8, 1),
(1, 18, 9, 1),
(1, 18, 10, 1),
(1, 18, 11, 1),
(1, 18, 12, 1),
(1, 18, 13, 1),
(1, 18, 14, 1),
(1, 18, 15, 1),
(1, 18, 16, 1),
(1, 18, 19, 1),
(1, 18, 20, 1),
(1, 18, 21, 1),
(1, 18, 22, 1),
(1, 18, 23, 1),
(1, 18, 24, 1),
(1, 18, 25, 1),
(1, 18, 26, 1),
(1, 18, 18, 1);
